--  Insertar datos en tablas DATOS DE PRUEBA
INSERT INTO Administrador (id_usuario) 
VALUES ('Ale23'),
('Mari01'),
('Juan88'),
('Luz33'),
('Carlos9'),
('Ana64'),
('David44'),
('Sofi92'),
('Luis57'),
('Paula81'),
('Javi10'),
('Esther5'),
('Andres7'),
('Clara45'),
('Raul11'),
('Gabri77'),
('Pedro29'),
('Isabel6'),
('Rosa32'),
('Jose20');
INSERT INTO Usuarios (id_usuario, nombre, apellido, correo, tel) 
VALUES ('Ale23', 'Alejandra', 'Conde', 'aconde@correo.com', '84209727'),
('Mari01', 'Mariana', 'Gutiérrez', 'mgutierrez@correo.com', '84720183'),
('Juan88', 'Juan', 'Paredes', 'jparedes@correo.com', '83019475'),
('Luz33', 'Luz', 'Gómez', 'lgomez@correo.com', '84029712'),
('Carlos9', 'Carlos', 'Montoya', 'cmontoya@correo.com', '82740192'),
('Ana64', 'Ana', 'Torres', 'atorres@correo.com', '83129475'),
('David44', 'David', 'Ramírez', 'dramirez@correo.com', '83910482'),
('Sofi92', 'Sofía', 'Méndez', 'smendez@correo.com', '84820193'),
('Luis57', 'Luis', 'Rojas', 'lrojas@correo.com', '83201748'),
('Paula81', 'Paula', 'Flores', 'pflores@correo.com', '84509123'),
('Javi10', 'Javier', 'López', 'jlopez@correo.com', '84102938'),
('Esther5', 'Esther', 'Ruiz', 'eruiz@correo.com', '83920471'),
('Andres7', 'Andrés', 'Vega', 'avega@correo.com', '83219074'),
('Clara45', 'Clara', 'Núñez', 'cnunez@correo.com', '84620138'),
('Raul11', 'Raúl', 'Moreno', 'rmoreno@correo.com', '83710293'),
('Gabri77', 'Gabriela', 'Sánchez', 'gsanchez@correo.com', '84309281'),
('Pedro29', 'Pedro', 'Cruz', 'pcruz@correo.com', '83471029'),
('Isabel6', 'Isabel', 'Castro', 'icastro@correo.com', '84201937'),
('Rosa32', 'Rosa', 'Ortiz', 'rortiz@correo.com', '83627104'),
('Jose20', 'José', 'Hernández', 'jhernandez@correo.com', '84107392');

INSERT INTO Pago (codigo_de_pago, tipo_pago)
VALUES ('P001', 'Tarjeta'),
('P002', 'Efectivo');

INSERT INTO Hotel (razon_social, nombre, ubicacion) 
VALUES ("RS001","Sheraton","Santa Ana"),
("RS002","Hilton","Guanacaste"),
("RS003","Intercontinental","Cártago"),
("RS004","Aloft","Matina"),
("RS005","Auntentico","Escazú");

INSERT INTO Reserva (codigo_reserva, fecha_llegada, fecha_salida, habitacion_id, id_usuario, codigo_de_pago, razon_social)
VALUES ("R001","2024-08-30","2024-09-05","H001","Ale23","P001","RS001"),
("R002","2024-08-30","2024-09-07","H002","Ana64","P002","RS001"),
("R003","2024-01-11","2024-01-16","H003","Andres7","P002","RS001"),
("R004","2024-02-03","2024-02-06","H004","Clara45","P001","RS001"),
("R005","2024-03-02","2024-03-05","H005","David44","P002","RS001"),
("R006","2024-04-13","2024-04-16","H006","Mari01","P002","RS001"),
("R007","2024-05-18","2024-05-21","H007","Luz33","P002","RS001"),
("R008","2024-07-17","2024-07-23","H008","David44","P002","RS001"),
("R009","2024-07-08","2024-07-10","H009","Jose20","P002","RS001"),
("R010","2024-08-30","2024-09-06","H010","Gabri77","P001","RS002"),
("R011","2024-08-30","2024-09-03","H011","Isabel6","P001","RS002"),
("R012","2024-01-14","2024-01-16","H012","Paula81","P001","RS002"),
("R013","2024-03-05","2024-03-09","H013","Javi10","P001","RS002"),
("R014","2024-05-12","2024-05-16","H014","Pedro29","P001","RS002"),
("R015","2024-07-04","2024-07-08","H015","Raul11","P001","RS002"),
("R016","2024-07-11","2024-07-13","H016","Esther5","P001","RS002"),
("R017","2024-08-30","2024-09-05","H017","Carlos9","P001","RS003"),
("R018","2024-01-08","2024-01-11","H018","Luis57","P001","RS003"),
("R019","2024-02-13","2024-02-15","H019","Sofi92","P001","RS003"),
("R020","2024-05-22","2024-05-24","H020","Juan88","P001","RS003"),
("R021","2024-07-03","2024-07-06","H021","Ale23","P001","RS003"),
("R022","2024-08-30","2024-09-03","H022","Javi10","P002","RS004"),
("R023","2024-01-12","2024-01-15","H023","Juan88","P002","RS004"),
("R024","2024-03-09","2024-03-12","H024","Pedro29","P002","RS004"),
("R025","2024-05-15","2024-05-20","H025","Clara45","P002","RS004"),
("R026","2024-06-04","2024-06-08","H026","Ana64","P002","RS004"),
("R027","2024-07-15","2024-07-18","H027","Rosa32","P002","RS004"),
("R028","2024-08-30","2024-09-30","H028","Luis57","P001","RS005"),
("R029","2024-07-03","2024-07-06","H029","Esther5","P001","RS005");

INSERT INTO Habitacion (habitacion_id, num_habitacion, tipo_habitacion, razon_social)
VALUES ("H001",100,"VIP","RS001"),
("H002",101,"Individual","RS001"),
("H003",102,"Matrimonial","RS001"),
("H004",103,"Suit","RS001"),
("H005",104,"Matrimonial","RS001"),
("H006",105,"VIP","RS001"),
("H007",106,"VIP","RS001"),
("H008",107,"Individual","RS001"),
("H009",108,"VIP","RS001"),
("H010",109,"VIP","RS002"),
("H011",110,"Matrimonial","RS002"),
("H012",111,"Individual","RS002"),
("H013",112,"Suit","RS002"),
("H014",113,"Matrimonial","RS002"),
("H015",114,"Suit","RS002"),
("H016",115,"Individual","RS002"),
("H017",116,"VIP","RS003"),
("H018",117,"VIP","RS003"),
("H019",118,"Individual","RS003"),
("H020",119,"Matrimonial","RS003"),
("H021",120,"Suit","RS003"),
("H022",121,"Individual","RS004"),
("H023",122,"Individual","RS004"),
("H024",123,"Suit","RS004"),
("H025",124,"Matrimonial","RS004"),
("H026",125,"VIP","RS004"),
("H027",126,"Matrimonial","RS004"),
("H028",127,"Individual","RS005"),
("H029",128,"Individual","RS005");

INSERT INTO Codigos (codigo_reserva, codigo_de_pago, id_usuario, habitacion_id, razon_social)
VALUES 
("R001", "P001", 'Ale23', "H001", "RS001"),
("R002", "P002", 'Ana64', "H002", "RS001"),
("R003", "P002", 'Andres7', "H003", "RS001"),
("R004", "P001", 'Clara45', "H004", "RS001"),
("R005", "P002", 'David44', "H005", "RS001"),
("R006", "P002", 'Mari01', "H006", "RS001"),
("R007", "P002", 'Luz33', "H007", "RS001"),
("R008", "P002", 'David44', "H008", "RS001"),
("R009", "P002", 'Jose20', "H009", "RS001"),
("R010", "P001", 'Gabri77', "H010", "RS002"),
("R011", "P001", 'Isabel6', "H011", "RS002"),
("R012", "P001", 'Paula81', "H012", "RS002"),
("R013", "P001", 'Javi10', "H013", "RS002"),
("R014", "P001", 'Pedro29', "H014", "RS002"),
("R015", "P001", 'Raul11', "H015", "RS002"),
("R016", "P001", 'Esther5', "H016", "RS002"),
("R017", "P001", 'Carlos9', "H017", "RS003"),
("R018", "P001", 'Luis57', "H018", "RS003"),
("R019", "P001", 'Sofi92', "H019", "RS003"),
("R020", "P001", 'Juan88', "H020", "RS003"),
("R021", "P001", 'Ale23', "H021", "RS003"),
("R022", "P002", 'Javi10', "H022", "RS004"),
("R023", "P002", 'Juan88', "H023", "RS004"),
("R024", "P002", 'Pedro29', "H024", "RS004"),
("R025", "P002", 'Clara45', "H025", "RS004"),
("R026", "P002", 'Ana64', "H026", "RS004"),
("R027", "P002", 'Rosa32', "H027", "RS004"),
("R028", "P001", 'Luis57', "H028", "RS005"),
("R029", "P001", 'Esther5', "H029", "RS005");
